"包内路径","字节数","SHA256"
"方案文档\02_attention_new_generation.md","37213","8B004163C39A5F14676C7D26301D65058B7E73EBBD3C48D4E840134EC8E18965"
"项目文件\assets\derived\motion\job_583ad089-c51f-46be-9cae-f5602860c55f\d79f246c0825a9cb562171e5ed6335a371ad059820b54f43e26afcdba7886396\manifest.json","62514","8CBECD3BCF00624B6F961FAE86ADADA4038EF2CE84F55A3ED570A1527CD48140"
"项目文件\assets\derived\motion\job_583ad089-c51f-46be-9cae-f5602860c55f\d79f246c0825a9cb562171e5ed6335a371ad059820b54f43e26afcdba7886396\source.json","21594","45E9531C22DF8FC3BB9F4607115621BD3A50F8F264E2257A1366FFEB7960DE6D"
"项目文件\assets\derived\motion\job_583ad089-c51f-46be-9cae-f5602860c55f\d79f246c0825a9cb562171e5ed6335a371ad059820b54f43e26afcdba7886396\diagnostics\report.json","125","B2050715F2F76C54AFDCE7848A00BEDC5AA8031A1A32D65AFEDD693F7C6018CA"
"项目文件\assets\derived\motion\job_583ad089-c51f-46be-9cae-f5602860c55f\d79f246c0825a9cb562171e5ed6335a371ad059820b54f43e26afcdba7886396\resources\art","594311","475B215D7801A6873B2F66E1570C3FF41512226CE4AC0B9A31FD050873F0D6C1"
"项目文件\assets\derived\motion\job_583ad089-c51f-46be-9cae-f5602860c55f\d79f246c0825a9cb562171e5ed6335a371ad059820b54f43e26afcdba7886396\resources\chair","628193","267904EF5DF4DC045C980A3C88E8C3E861BA6AD88022F350B868DA380F4647C5"
"项目文件\assets\derived\motion\job_583ad089-c51f-46be-9cae-f5602860c55f\d79f246c0825a9cb562171e5ed6335a371ad059820b54f43e26afcdba7886396\resources\identity","11979","22B206F4843BE084E449B98282AC8573B4A7DF10FD3CB64460CCA1F2C0594963"
"项目文件\assets\derived\source-material\job_40cbd7c9-5d5f-4081-8221-80fa87f776b3\manifest.json","305","C6DEB9EA585BF53CA8E6F60C7BAA3ACED921574C1001DBB18666D1BB822D9DF4"
"项目文件\assets\derived\source-material\job_40cbd7c9-5d5f-4081-8221-80fa87f776b3\original.jpg","11979","22B206F4843BE084E449B98282AC8573B4A7DF10FD3CB64460CCA1F2C0594963"
"项目文件\assets\derived\source-material\job_d698a458-3256-4527-bfd7-0f48c65733cd\manifest.json","276","B0DF8FF3AD9C8DB49AB1F57A984D3626331FF11DD64A6008AD23446B93E26577"
"项目文件\assets\derived\source-material\job_d698a458-3256-4527-bfd7-0f48c65733cd\original.jpg","594311","475B215D7801A6873B2F66E1570C3FF41512226CE4AC0B9A31FD050873F0D6C1"
"项目文件\assets\source\267904ef5df4dc045c98.jpg","628193","267904EF5DF4DC045C980A3C88E8C3E861BA6AD88022F350B868DA380F4647C5"
"项目文件\assets\source\2e945267f56208884153.wav","193072","2E945267F56208884153867D062838888E6BDDC92B512E130AA9566255AD36BB"
"项目文件\assets\source\3076e618e5402652e2d9.wav","75234","3076E618E5402652E2D978EC6285D990F8529FDA52F59E451464104FE7F96DD4"
"项目文件\assets\source\6b3d6d71c6724c27c155.wav","160424","6B3D6D71C6724C27C155149ED6EB6A00543F7908657CF58CD24CDBF67F5994EA"
"项目文件\assets\speech\speech_segment_05c492ff-42db-4652-a415-3928090edc7f-ComfyUI_temp_jdxcv_00006.flac","206479","F5D31C3110D1180F8FD44756F3366B7C9643D75AE372EA4227143E123BC7A157"
"项目文件\assets\speech\speech_segment_9332d20d-2693-4d8e-b109-afba0b5d106a-ComfyUI_temp_ydtzi_00010.flac","43842","0BE6CB46FE9E5C529516277300C4EE9BD0C80CFCFDB60EDEF985E737709A6DC0"
"项目文件\assets\speech\speech_segment_99928cc1-58a2-4ceb-ad84-18e126d686ea-ComfyUI_temp_rwzte_00006.flac","161382","05332D4AD4ECF640FF164BF443B57D342F8AACD40F1BE1808E4CA0113D00AA21"
"项目文件\assets\speech\speech_segment_ff8ae784-feda-4230-ab6c-29f0c869b2df-ComfyUI_temp_ydtzi_00011.flac","186731","CF064EBDEE496831BA0141C1FD0A4C8337466C53C3988EB6840AEA41D5495AE1"
"项目文件\assets\speech\speech-1.wav","95598","B96F9CE46BF337E6298D8A11FB18A72DAFFD7D7F044F2E02E9A5302E7CC75D68"
"项目文件\assets\speech\speech-2.wav","1261518","403F364986BB98A37FA565BAAF4CA9D0879ECEE05049897D9A3979E589962AF7"
"项目文件\exports\revision-72\delivery-export_artifact_d3df428b-cb9e-4cf9-b23d-a6644f5830e4.mp4","3242617","2E739A14560CF193D91CF9A02527210A10092F6E74C63C11306B9ADA7DB1CA72"
"项目文件\manifests\sources\export_artifact_d3df428b-cb9e-4cf9-b23d-a6644f5830e4.json","519","847A08746C871183706C1E3153A5D4D8A1D8D65687A8499C788BB78FB36B7805"
"项目文件\reports\production-run-production_run_d934dcad-ef12-4cf2-bef9-1b1c296cf0f0.json","17051","B70117AEC7B607627839AD1DD2873E7F49A5F546D42F309DD98B785C8AC2CB86"
